{
  "CLIP ViT-B/32": {
    "R@1": 1.1758691206543967,
    "R@3": 2.3517382413087935,
    "R@5": 3.1186094069529653,
    "R@10": 4.652351738241308,
    "MRR": 0.02609103605661199,
    "MedR": 499.5,
    "nDCG@10": 0.026383953568382898,
    "MAP@10": 0.02030605868796053,
    "rSum": 8.946830265848671,
    "RMR": 0.023011940444228537
  },
  "CLIP ViT-L/14": {
    "R@1": 1.7893660531697342,
    "R@3": 3.5787321063394684,
    "R@5": 4.4989775051124745,
    "R@10": 6.952965235173824,
    "MRR": 0.03696560831061767,
    "MedR": 473.0,
    "nDCG@10": 0.03973435657054138,
    "MAP@10": 0.03075924302918168,
    "rSum": 13.241308793456033,
    "RMR": 0.033283014631146586
  },
  "InternVL2-1B (zero-shot)": {
    "R@1": 0.3067484662576687,
    "R@3": 0.81799591002045,
    "R@5": 1.1247443762781186,
    "R@10": 1.4826175869120655,
    "MRR": 0.010517862277986737,
    "MedR": 721.5,
    "nDCG@10": 0.008382591962850015,
    "MAP@10": 0.006395462070308696,
    "rSum": 2.9141104294478524,
    "RMR": 0.00827759690111487
  },
  "Ours (frozen ViT)": {
    "R@1": 11.042944785276074,
    "R@3": 23.824130879345603,
    "R@5": 30.981595092024538,
    "R@10": 43.30265848670757,
    "MRR": 0.2159376472372786,
    "MedR": 14.0,
    "nDCG@10": 0.25345871545969084,
    "MAP@10": 0.1983149121952803,
    "rSum": 85.32719836400818,
    "RMR": 0.21206101533676158
  },
  "Ours (unfrozen ViT)": {
    "R@1": 34.45807770961145,
    "R@3": 62.73006134969326,
    "R@5": 71.57464212678937,
    "R@10": 81.44171779141104,
    "MRR": 0.5114108429351016,
    "MedR": 2.0,
    "nDCG@10": 0.5785812791958049,
    "MAP@10": 0.5030851348719446,
    "rSum": 187.47443762781185,
    "RMR": 0.5239126804330366
  }
}